City_ID,City,Country,Date,Lat,Lng,Max Temp,Humidity,Cloudiness,Wind Speed
0,Khatanga,RU,2022-07-03 16:13:39,71.9667,102.5,44.87,78,100,15.57
1,Cherskiy,RU,2022-07-03 16:13:39,68.75,161.3,44.13,97,100,1.03
2,Alice Springs,AU,2022-07-03 16:13:40,-23.7,133.8833,31.55,80,0,4.61
3,Riyadh,SA,2022-07-03 16:13:40,24.6877,46.7219,102.34,10,100,9.48
4,Busselton,AU,2022-07-03 16:13:41,-33.65,115.3333,52.11,66,0,11.41
5,Opuwo,NA,2022-07-03 16:13:41,-18.0607,13.84,75.96,21,2,6.31
6,Bethel,US,2022-07-03 16:13:42,41.3712,-73.414,82.15,47,0,8.05
7,Puerto Ayora,EC,2022-07-03 16:13:42,-0.7393,-90.3518,75.16,88,98,5.99
8,Hermanus,ZA,2022-07-03 16:13:42,-34.4187,19.2345,52.81,76,57,9.28
9,Edgewater,US,2022-07-03 16:10:26,28.9889,-80.9023,90.0,66,23,3.33
10,Cockburn Town,TC,2022-07-03 16:13:43,21.4612,-71.1419,78.66,84,70,30.4
11,Narsaq,GL,2022-07-03 16:13:44,60.9167,-46.05,61.02,64,94,2.84
12,Quzhou,CN,2022-07-03 16:13:44,28.9594,118.8686,76.3,97,100,1.88
13,Atlantic City,US,2022-07-03 16:13:44,39.3643,-74.4229,79.02,82,75,9.22
14,Afsin,TR,2022-07-03 16:13:45,38.2477,36.914,72.93,29,0,14.85
15,Tignere,CM,2022-07-03 16:13:45,7.3667,12.65,72.45,85,76,3.18
16,Chanika,TZ,2022-07-03 16:13:46,-5.4167,38.0167,66.65,63,88,4.9
17,Port Alfred,ZA,2022-07-03 16:13:46,-33.5906,26.891,61.18,85,81,1.99
18,Ruteng,ID,2022-07-03 16:13:46,-8.6136,120.4721,63.88,95,88,1.32
19,Hobart,AU,2022-07-03 16:13:47,-42.8794,147.3294,44.06,89,48,8.05
20,Arraial Do Cabo,BR,2022-07-03 16:13:47,-22.9661,-42.0278,82.26,51,0,11.5
21,Chicama,PE,2022-07-03 16:13:48,-7.8447,-79.1469,63.14,63,41,7.92
22,Amapa,BR,2022-07-03 16:13:48,1.0,-52.0,82.96,67,61,5.28
23,Nikolskoye,RU,2022-07-03 16:13:49,59.7035,30.7861,73.29,77,89,5.3
24,Nagua,DO,2022-07-03 16:13:49,19.3832,-69.8474,84.51,79,40,11.5
25,Rikitea,PF,2022-07-03 16:13:50,-23.1203,-134.9692,75.09,73,11,20.24
26,Castro,BR,2022-07-03 16:11:54,-24.7911,-50.0119,73.9,44,0,8.72
27,Victoria,HK,2022-07-03 16:10:16,22.2855,114.1577,84.38,86,100,18.01
28,Dikson,RU,2022-07-03 16:13:51,73.5069,80.5464,32.56,90,67,9.22
29,Lorengau,PG,2022-07-03 16:13:51,-2.0226,147.2712,81.09,81,96,7.74
30,Mackenzie,CA,2022-07-03 16:13:51,55.2999,-123.1698,65.8,43,4,7.34
31,Ancud,CL,2022-07-03 16:13:52,-41.8697,-73.8203,46.22,90,100,25.95
32,Avarua,CK,2022-07-03 16:13:13,-21.2078,-159.775,68.05,88,2,3.44
33,Tilichiki,RU,2022-07-03 16:13:53,60.4667,166.1,45.66,92,92,3.71
34,Palauig,PH,2022-07-03 16:13:53,15.435,119.9045,82.22,80,100,5.14
35,Inhambane,MZ,2022-07-03 16:13:53,-23.865,35.3833,69.22,77,10,6.58
36,Cadillac,US,2022-07-03 16:13:54,44.2519,-85.4012,77.79,41,0,3.44
37,Kindu,CD,2022-07-03 16:13:54,-2.95,25.95,84.43,38,27,0.72
38,Mountain Home,US,2022-07-03 16:09:25,43.133,-115.6912,76.48,36,0,12.66
39,Yago,MX,2022-07-03 16:13:55,21.8333,-105.0667,90.61,53,65,1.16
40,Albany,US,2022-07-03 16:11:15,42.6001,-73.9662,77.95,40,62,10.67
41,Kaitangata,NZ,2022-07-03 16:13:55,-46.2817,169.8464,43.52,76,1,7.87
42,Mataura,NZ,2022-07-03 16:13:56,-46.1927,168.8643,46.47,91,2,3.15
43,Svetlogorsk,BY,2022-07-03 16:13:56,52.6333,29.7333,77.95,58,63,2.8
44,Mazamari,PE,2022-07-03 16:13:57,-11.3258,-74.5308,83.16,53,96,3.33
45,Coahuayana,MX,2022-07-03 16:13:57,18.7333,-103.6833,88.9,59,28,1.99
46,Torbay,CA,2022-07-03 16:13:58,47.6666,-52.7314,70.88,78,82,13.35
47,Biak,ID,2022-07-03 16:14:58,-0.9131,122.8766,77.02,87,99,4.92
48,Ushuaia,AR,2022-07-03 16:14:31,-54.8,-68.3,37.06,93,40,5.75
49,Hofn,IS,2022-07-03 16:14:59,64.2539,-15.2082,51.82,58,100,25.32
50,Cairns,AU,2022-07-03 16:12:03,-16.9167,145.7667,70.07,93,100,13.8
51,Reyes,BO,2022-07-03 16:14:59,-14.3167,-67.3833,88.77,41,89,2.37
52,Henties Bay,NA,2022-07-03 16:15:00,-22.116,14.2845,60.17,79,0,13.0
53,Carnarvon,AU,2022-07-03 16:15:00,-24.8667,113.6333,63.07,32,1,11.83
54,Mandalgovi,MN,2022-07-03 16:15:01,45.7625,106.2708,64.74,73,78,6.89
55,Clyde River,CA,2022-07-03 16:15:01,70.4692,-68.5914,43.03,81,20,14.97
56,College,US,2022-07-03 16:15:02,64.8569,-147.8028,67.89,71,75,8.05
57,Stephenville Crossing,CA,2022-07-03 16:15:02,48.5,-58.4318,62.17,84,74,10.36
58,Rodnikovskaya,RU,2022-07-03 16:15:03,44.7644,40.6656,73.11,49,5,2.35
59,Havoysund,NO,2022-07-03 16:15:03,70.9963,24.6622,55.63,94,100,21.68
60,Hilo,US,2022-07-03 16:15:04,19.7297,-155.09,73.62,89,100,6.91
61,Bengkulu,ID,2022-07-03 16:15:04,-3.8004,102.2655,76.98,88,95,4.03
62,Tasiilaq,GL,2022-07-03 16:15:04,65.6145,-37.6368,48.36,81,50,2.93
63,Gornopravdinsk,RU,2022-07-03 16:15:05,60.05,69.9,46.31,96,100,8.03
64,Marawi,PH,2022-07-03 16:15:05,7.9986,124.2928,71.01,91,100,2.13
65,Fereydun Kenar,IR,2022-07-03 16:15:06,36.6864,52.5225,75.87,67,68,7.23
66,Umm Lajj,SA,2022-07-03 16:15:06,25.0213,37.2685,88.05,52,24,7.36
67,Ribeira Grande,PT,2022-07-03 16:15:07,38.5167,-28.7,72.0,68,75,9.22
68,Vaini,TO,2022-07-03 16:15:07,-21.2,-175.2,69.96,78,20,9.22
69,Tuktoyaktuk,CA,2022-07-03 16:15:08,69.4541,-133.0374,73.4,60,40,10.36
70,Nata,PA,2022-07-03 16:15:08,8.3333,-80.5167,84.72,73,100,4.99
71,Jalingo,NG,2022-07-03 16:15:08,8.8833,11.3667,86.32,61,62,5.32
72,New Norfolk,AU,2022-07-03 16:15:09,-42.7826,147.0587,43.72,88,81,2.93
73,Jamestown,US,2022-07-03 16:15:09,42.097,-79.2353,74.52,40,0,11.5
74,Butaritari,KI,2022-07-03 16:15:10,3.0707,172.7902,81.48,80,47,17.52
75,Lagoa,PT,2022-07-03 16:15:10,39.05,-27.9833,64.74,69,3,12.91
76,Mahebourg,MU,2022-07-03 16:15:11,-20.4081,57.7,68.29,94,40,13.8
77,Ankpa,NG,2022-07-03 16:15:11,7.3706,7.6253,81.23,73,64,3.83
78,Norman Wells,CA,2022-07-03 16:15:12,65.282,-126.8329,68.04,52,20,13.8
79,Mecca,SA,2022-07-03 16:11:52,21.4267,39.8261,93.97,19,65,11.86
80,Paragominas,BR,2022-07-03 16:11:51,-2.9667,-47.4833,80.35,80,44,6.13
81,Sitka,US,2022-07-03 16:15:12,57.0531,-135.33,53.49,94,100,0.0
82,Hualmay,PE,2022-07-03 16:15:13,-11.0964,-77.6139,65.41,72,84,9.4
83,Lebu,CL,2022-07-03 16:15:13,-37.6167,-73.65,51.22,74,87,10.98
84,Saint-Philippe,RE,2022-07-03 16:15:14,-21.3585,55.7679,71.19,82,96,17.69
85,Cayenne,GF,2022-07-03 16:15:14,4.9333,-52.3333,89.64,29,75,11.5
86,George Town,MY,2022-07-03 16:15:15,5.4112,100.3354,84.88,77,20,1.14
87,Ratnagiri,IN,2022-07-03 16:15:15,16.9833,73.3,80.51,83,100,16.31
88,Saskylakh,RU,2022-07-03 16:15:16,71.9167,114.0833,51.4,56,100,15.5
89,Nemuro,JP,2022-07-03 16:13:29,43.3236,145.575,58.55,99,100,3.98
90,Salalah,OM,2022-07-03 16:15:16,17.0151,54.0924,82.49,89,100,5.75
91,Bakchar,RU,2022-07-03 16:15:17,57.0186,82.0711,52.23,92,59,2.37
92,Ust-Maya,RU,2022-07-03 16:16:17,60.4167,134.5333,64.15,67,89,2.35
93,Richards Bay,ZA,2022-07-03 16:15:35,-28.783,32.0377,68.09,61,0,2.71
94,Tubinskiy,RU,2022-07-03 16:16:18,52.8892,58.2225,57.22,81,95,4.72
95,Bandarbeyla,SO,2022-07-03 16:16:18,9.4942,50.8122,84.18,55,14,31.74
96,Hamilton,US,2022-07-03 16:15:14,39.1834,-84.5333,86.99,48,40,6.91
97,Kapaa,US,2022-07-03 16:16:19,22.0752,-159.319,77.32,78,100,16.11
98,Mosquera,CO,2022-07-03 16:16:19,4.7059,-74.2302,62.69,63,75,8.05
99,Cidreira,BR,2022-07-03 16:16:20,-30.1811,-50.2056,59.47,88,100,10.2
100,Bluff,NZ,2022-07-03 16:16:20,-46.6,168.3333,46.8,68,7,21.21
101,Cape Town,ZA,2022-07-03 16:15:04,-33.9258,18.4232,56.88,85,40,9.22
102,Provideniya,RU,2022-07-03 16:16:21,64.3833,-173.3,48.99,83,100,4.16
103,Sholokhove,UA,2022-07-03 16:16:21,47.6945,34.0312,80.73,33,30,9.01
104,Ponta Do Sol,PT,2022-07-03 16:16:22,32.6667,-17.1,75.0,76,76,3.47
105,Punta Arenas,CL,2022-07-03 16:12:51,-53.15,-70.9167,30.31,93,75,3.44
106,Namibe,AO,2022-07-03 16:16:22,-15.1961,12.1522,70.61,67,3,15.7
107,Dhidhdhoo,MV,2022-07-03 16:16:23,6.8833,73.1,80.17,76,100,14.29
108,La Paz,BO,2022-07-03 16:16:23,-16.5,-68.15,58.98,8,20,2.3
109,Upernavik,GL,2022-07-03 16:16:23,72.7868,-56.1549,39.09,79,20,9.51
110,Iqaluit,CA,2022-07-03 16:16:24,63.7506,-68.5145,47.93,66,100,19.57
111,Shache,CN,2022-07-03 16:16:25,38.4167,77.2406,90.55,13,0,5.57
112,Sur,OM,2022-07-03 16:16:25,22.5667,59.5289,86.05,73,99,18.1
113,Kamloops,CA,2022-07-03 16:16:26,50.6665,-120.3192,63.59,63,75,4.61
114,Havelock,US,2022-07-03 16:16:26,34.8791,-76.9013,91.38,69,75,10.36
115,Robe,AU,2022-07-03 16:16:27,-37.1833,139.75,52.05,71,80,13.18
116,Koshurnikovo,RU,2022-07-03 16:16:27,54.1667,93.3,52.43,85,65,2.24
117,Khuzhir,RU,2022-07-03 16:12:17,53.1939,107.3397,52.61,85,99,4.03
118,Puerto Escondido,MX,2022-07-03 16:16:28,15.85,-97.0667,85.03,65,75,5.75
119,Rio Grande,BR,2022-07-03 16:16:28,-32.035,-52.0986,62.71,72,99,7.9
120,Grindavik,IS,2022-07-03 16:16:28,63.8424,-22.4338,53.55,76,75,18.41
121,Asau,RO,2022-07-03 16:16:29,46.4333,26.4,79.72,65,48,2.46
122,Jurm,AF,2022-07-03 16:16:29,36.8648,70.8342,80.42,25,0,3.02
123,Thompson,CA,2022-07-03 16:16:30,55.7435,-97.8558,59.16,82,75,3.44
124,Altay,CN,2022-07-03 16:16:30,47.8667,88.1167,60.53,41,58,5.55
125,Lethem,GY,2022-07-03 16:16:31,3.3803,-59.7968,88.99,53,87,8.39
126,Port Elizabeth,ZA,2022-07-03 16:16:31,-33.918,25.5701,61.11,75,75,6.91
127,Anito,PH,2022-07-03 16:16:31,12.4497,125.2886,79.66,86,100,6.69
128,Saint George,US,2022-07-03 16:13:23,37.1041,-113.5841,92.62,17,0,6.91
129,Hinche,HT,2022-07-03 16:16:32,19.15,-72.0167,83.68,61,99,11.16
130,Waslala,NI,2022-07-03 16:16:32,13.2333,-85.3833,77.4,87,87,6.22
131,Caravelas,BR,2022-07-03 16:16:33,-17.7125,-39.2481,79.14,53,45,7.27
132,Tornio,FI,2022-07-03 16:16:33,65.8481,24.1466,68.02,67,2,12.68
133,Ouargaye,BF,2022-07-03 16:16:34,11.5033,0.0572,92.43,39,70,7.29
134,Bambous Virieux,MU,2022-07-03 16:16:34,-20.3428,57.7575,68.25,94,40,13.8
135,Vila Velha,BR,2022-07-03 16:16:34,-20.3297,-40.2925,82.35,62,40,12.66
136,Te Anau,NZ,2022-07-03 16:16:35,-45.4167,167.7167,40.1,93,17,2.71
137,Gao,ML,2022-07-03 16:16:35,16.6362,1.637,104.41,17,70,7.27
138,Vardo,NO,2022-07-03 16:16:36,70.3705,31.1107,55.38,88,75,12.66
139,Sibolga,ID,2022-07-03 16:16:36,1.7427,98.7792,76.73,86,96,3.91
140,Pushkino,RU,2022-07-03 16:17:36,56.0172,37.8667,84.49,47,15,7.92
141,Yellowknife,CA,2022-07-03 16:15:11,62.456,-114.3525,61.32,55,75,10.36
142,Esperance,AU,2022-07-03 16:17:37,-33.8667,121.9,50.23,70,0,13.38
143,Leningradskiy,RU,2022-07-03 16:17:37,69.3833,178.4167,41.88,84,100,3.38
144,Sao Filipe,CV,2022-07-03 16:17:38,14.8961,-24.4956,74.97,73,12,15.1
145,The Pas,CA,2022-07-03 16:15:19,53.8251,-101.2541,68.02,49,75,8.05
146,Yelnya,RU,2022-07-03 16:17:38,54.5786,33.1837,76.41,70,87,2.26
147,Canutama,BR,2022-07-03 16:17:39,-6.5339,-64.3831,94.26,35,25,5.12
148,Gat,IL,2022-07-03 16:14:05,31.61,34.7642,84.78,26,1,10.51
149,Boguchany,RU,2022-07-03 16:17:39,58.3814,97.4531,53.74,96,29,4.36
150,Port Hawkesbury,CA,2022-07-03 16:17:03,45.6169,-61.3485,79.92,55,0,9.22
151,Tura,IN,2022-07-03 16:17:40,25.5198,90.2201,75.27,94,38,3.94
152,Kavaratti,IN,2022-07-03 16:17:40,10.5669,72.642,81.09,73,100,20.4
153,Bathsheba,BB,2022-07-03 16:17:41,13.2167,-59.5167,86.61,83,20,21.85
154,Flin Flon,CA,2022-07-03 16:17:41,54.7682,-101.865,64.24,59,75,8.05
155,Birao,CF,2022-07-03 16:17:42,10.2849,22.7882,82.58,60,95,5.86
156,Necochea,AR,2022-07-03 16:17:42,-38.5473,-58.7368,54.61,32,43,16.08
157,Atuona,PF,2022-07-03 16:17:43,-9.8,-139.0333,77.99,75,19,19.93
158,Mao,ES,2022-07-03 16:17:43,39.8885,4.2658,82.96,69,0,9.22
159,Teguise,ES,2022-07-03 16:17:43,29.0605,-13.564,75.42,53,20,19.57
160,Oksfjord,NO,2022-07-03 16:17:44,70.2396,22.3479,57.27,86,99,5.28
161,Sal Rei,CV,2022-07-03 16:17:44,16.1833,-22.9167,77.2,65,75,21.85
162,Paita,PE,2022-07-03 16:17:45,-5.0892,-81.1144,68.61,71,10,11.05
163,Kodiak,US,2022-07-03 16:12:55,57.79,-152.4072,53.11,94,100,8.05
164,Chuy,UY,2022-07-03 16:17:45,-33.6971,-53.4616,54.41,60,41,6.02
165,Nome,US,2022-07-03 16:17:46,64.5011,-165.4064,57.27,83,100,6.91
166,Bredasdorp,ZA,2022-07-03 16:17:15,-34.5322,20.0403,52.7,78,94,4.88
167,Margate,GB,2022-07-03 16:17:46,51.3813,1.3862,70.11,63,63,4.0
168,Dwarka,IN,2022-07-03 16:17:47,22.2394,68.9678,84.49,82,95,18.07
169,Kalmar,SE,2022-07-03 16:17:47,56.6616,16.3616,74.14,57,54,11.3
170,Rumonge,BI,2022-07-03 16:17:48,-3.9736,29.4386,72.59,57,0,2.62
171,Desaguadero,PE,2022-07-03 16:17:48,-16.5656,-69.0417,52.54,38,99,10.49
172,Yermakovskoye,RU,2022-07-03 16:13:43,53.2831,92.4003,56.73,65,47,3.78
173,Sovetskiy,RU,2022-07-03 16:17:49,61.3614,63.5842,51.04,60,95,10.2
174,Sagaing,MM,2022-07-03 16:17:49,21.8787,95.9797,85.26,67,100,14.16
175,Homestead,US,2022-07-03 16:13:13,25.4687,-80.4776,91.02,65,75,9.22
176,Constitucion,CL,2022-07-03 16:17:50,-35.3333,-72.4167,53.47,71,100,3.44
177,Kieta,PG,2022-07-03 16:17:50,-6.2167,155.6333,78.94,85,39,7.09
178,Leander,US,2022-07-03 16:17:51,30.5788,-97.8531,91.72,58,0,10.0
179,Panukulan,PH,2022-07-03 16:17:51,14.9333,121.8144,81.97,82,100,7.11
180,Turayf,SA,2022-07-03 16:17:52,31.6725,38.6637,93.45,22,0,6.91
181,Sorland,NO,2022-07-03 16:17:52,67.667,12.6934,57.06,80,11,14.47
182,Sao Joao Da Barra,BR,2022-07-03 16:17:52,-21.6403,-41.0511,82.49,63,0,14.27
183,Port Lincoln,AU,2022-07-03 16:15:17,-34.7333,135.8667,53.33,68,100,11.61
184,Chokurdakh,RU,2022-07-03 16:17:53,70.6333,147.9167,55.17,74,100,6.71
185,Morros,BR,2022-07-03 16:17:53,-9.4467,-46.3003,88.61,29,61,12.88
186,Hithadhoo,MV,2022-07-03 16:17:54,-0.6,73.0833,82.69,76,97,8.21
187,Piacabucu,BR,2022-07-03 16:18:55,-10.4056,-36.4344,78.8,75,50,16.35
188,Araouane,ML,2022-07-03 16:18:55,18.9048,-3.5265,106.09,15,59,4.41
189,Zhangjiakou,CN,2022-07-03 16:18:55,40.81,114.8794,67.33,93,77,7.11
190,Lasa,IT,2022-07-03 16:18:56,46.6166,10.7002,87.69,60,76,1.95
191,Cururupu,BR,2022-07-03 16:18:56,-1.8283,-44.8683,80.49,85,90,8.34
192,Dzilam Gonzalez,MX,2022-07-03 16:18:57,21.2833,-88.9333,90.81,48,1,5.93
193,Vao,NC,2022-07-03 16:18:57,-22.6667,167.4833,72.14,76,100,17.11
194,Haines Junction,CA,2022-07-03 16:18:58,60.7522,-137.5108,57.15,67,0,2.3
195,Gold Coast,AU,2022-07-03 16:18:58,-28.0,153.4333,56.03,91,100,0.0
196,Iwaki,JP,2022-07-03 16:18:59,37.05,140.8833,76.77,87,100,2.1
197,Probolinggo,ID,2022-07-03 16:18:59,-7.7543,113.2159,78.1,84,38,5.53
198,Coquimbo,CL,2022-07-03 16:19:00,-29.9533,-71.3436,58.73,67,0,12.66
199,Zhangye,CN,2022-07-03 16:19:00,38.9342,100.4517,73.33,43,59,9.8
200,Kimbe,PG,2022-07-03 16:19:01,-5.5502,150.1429,75.42,92,52,4.05
201,Carauari,BR,2022-07-03 16:19:01,-4.8828,-66.8958,90.36,48,9,5.79
202,Yulara,AU,2022-07-03 16:19:02,-25.2406,130.9889,43.02,62,0,10.76
203,Severo-Kurilsk,RU,2022-07-03 16:19:02,50.6789,156.125,47.07,92,52,11.39
204,Flinders,AU,2022-07-03 16:19:03,-34.5833,150.8552,59.38,93,100,4.0
205,East London,ZA,2022-07-03 16:19:03,-33.0153,27.9116,63.54,77,75,10.36
206,Gamba,GA,2022-07-03 16:19:03,-2.65,10.0,75.13,77,87,10.33
207,Tirumullaivasal,IN,2022-07-03 16:19:04,11.2333,79.8333,84.22,66,100,15.43
208,Merauke,ID,2022-07-03 16:19:04,-8.4667,140.3333,78.35,89,80,8.84
209,Constantine,DZ,2022-07-03 16:16:22,36.365,6.6147,99.81,18,40,16.11
210,Kaspiysk,RU,2022-07-03 16:19:05,42.8816,47.6392,80.78,29,16,17.9
211,Longyearbyen,SJ,2022-07-03 16:19:06,78.2186,15.6401,51.64,76,75,13.8
212,Malanje,AO,2022-07-03 16:19:06,-9.5402,16.341,80.69,18,0,1.72
213,Nampula,MZ,2022-07-03 16:19:07,-15.1165,39.2666,68.14,66,96,3.4
214,Pevek,RU,2022-07-03 16:19:07,69.7008,170.3133,33.46,93,100,2.33
215,Bac Lieu,VN,2022-07-03 16:19:07,9.285,105.7244,80.51,84,95,6.93
216,Arica,CL,2022-07-03 16:19:08,-18.475,-70.3042,62.83,63,100,1.14
217,Urucara,BR,2022-07-03 16:19:08,-2.5364,-57.76,86.63,60,92,5.01
218,Pontianak,ID,2022-07-03 16:19:09,-0.0333,109.3333,76.98,94,75,5.75
219,Luderitz,NA,2022-07-03 16:19:09,-26.6481,15.1594,60.78,65,0,13.69
220,Macau,MO,2022-07-03 16:19:09,22.2006,113.5461,84.0,100,40,14.97
221,Qaanaaq,GL,2022-07-03 16:19:10,77.484,-69.3632,37.04,99,100,10.78
222,Rocha,UY,2022-07-03 16:19:10,-34.4833,-54.3333,54.95,51,10,5.35
223,Ilulissat,GL,2022-07-03 16:19:11,69.2167,-51.1,53.62,50,20,6.91
224,Waw,SS,2022-07-03 16:19:11,7.7029,27.9953,75.85,76,98,3.74
225,Kargasok,RU,2022-07-03 16:19:12,59.0556,80.8572,52.36,88,100,5.35
226,Husavik,IS,2022-07-03 16:19:12,66.0449,-17.3389,42.31,96,100,26.44
227,Mackay,AU,2022-07-03 16:15:32,-21.15,149.2,56.68,88,100,11.88
228,Kunashak,RU,2022-07-03 16:19:13,55.7032,61.5498,61.32,88,94,7.81
229,Tomatlan,MX,2022-07-03 16:19:13,19.9333,-105.25,87.03,64,30,3.42
230,Honghu,CN,2022-07-03 16:19:14,29.8206,113.4621,76.62,92,100,4.7
231,Wonthaggi,AU,2022-07-03 16:20:14,-38.6044,145.5913,46.81,86,6,6.11
232,El Cobre,CU,2022-07-03 16:20:14,20.0489,-75.9469,87.24,70,40,8.05
233,Lavrentiya,RU,2022-07-03 16:20:15,65.5833,-171.0,47.98,88,100,2.62
234,Tiksi,RU,2022-07-03 16:20:15,71.6872,128.8694,37.69,95,100,6.08
235,Chitrakonda,IN,2022-07-03 16:18:31,18.1167,82.0833,73.69,96,100,1.32
236,Emba,KZ,2022-07-03 16:20:16,48.8264,58.1442,61.16,72,62,18.75
237,Marsh Harbour,BS,2022-07-03 16:20:16,26.5412,-77.0636,82.13,72,91,11.79
238,Kavieng,PG,2022-07-03 16:20:17,-2.5744,150.7967,81.77,78,52,14.14
239,Ornskoldsvik,SE,2022-07-03 16:20:17,63.2909,18.7153,70.75,64,40,12.66
240,Krasnoselkup,RU,2022-07-03 16:20:18,65.7,82.4667,55.92,57,99,17.25
241,Mar Del Plata,AR,2022-07-03 16:20:18,-38.0023,-57.5575,54.95,42,0,14.97
242,Nouakchott,MR,2022-07-03 16:20:19,18.0858,-15.9785,82.33,68,8,11.86
243,Diego De Almagro,CL,2022-07-03 16:20:19,-26.3667,-70.05,68.36,17,8,4.25
244,Cabra,ES,2022-07-03 16:20:20,37.4725,-4.4421,90.66,40,0,11.32
245,San Patricio,US,2022-07-03 16:20:20,28.017,-97.5169,93.07,48,38,11.99
246,Kruisfontein,ZA,2022-07-03 16:20:21,-34.0033,24.7314,58.89,77,78,3.74
247,Touros,BR,2022-07-03 16:20:21,-5.1989,-35.4608,73.85,96,100,11.65
248,Bonthe,SL,2022-07-03 16:20:21,7.5264,-12.505,78.96,81,89,11.1
249,Burnie,AU,2022-07-03 16:20:22,-41.0667,145.9167,42.94,89,3,3.58
250,Beyneu,KZ,2022-07-03 16:20:23,45.3167,55.2,67.84,38,29,21.18
251,Ubinskoye,RU,2022-07-03 16:20:23,55.3068,79.6802,53.71,89,41,2.71
252,Yafran,LY,2022-07-03 16:20:23,32.0633,12.5286,89.29,21,0,18.41
253,Geraldton,AU,2022-07-03 16:20:24,-28.7667,114.6,41.41,75,0,8.05
254,Shitanjing,CN,2022-07-03 16:20:24,39.2342,106.3439,81.37,28,87,12.62
255,Ketchikan,US,2022-07-03 16:20:25,55.3422,-131.6461,64.87,77,0,11.5
256,Ahipara,NZ,2022-07-03 16:20:25,-35.1667,173.1667,51.03,82,5,5.1
257,Gulfport,US,2022-07-03 16:17:25,30.3674,-89.0928,86.74,82,75,0.0
258,Phan Thiet,VN,2022-07-03 16:20:26,10.9333,108.1,78.71,88,98,6.91
259,Montclair,US,2022-07-03 16:18:52,40.8259,-74.209,85.8,41,75,5.75
260,Mount Gambier,AU,2022-07-03 16:20:26,-37.8333,140.7667,51.69,68,98,7.45
261,Bubaque,GW,2022-07-03 16:20:27,11.2833,-15.8333,76.44,81,100,2.28
262,Arcachon,FR,2022-07-03 16:20:28,44.5875,-1.0519,84.42,64,0,16.11
263,Acarau,BR,2022-07-03 16:20:28,-2.8856,-40.12,84.04,64,54,13.71
264,Bayeux,BR,2022-07-03 16:20:28,-7.125,-34.9322,75.83,88,75,12.66
265,Tazovskiy,RU,2022-07-03 16:20:29,67.4667,78.7,49.59,57,91,16.78
266,Ukiah,US,2022-07-03 16:20:03,39.1502,-123.2078,61.43,77,100,6.91
267,Codrington,AU,2022-07-03 16:20:30,-38.2667,141.9667,50.14,84,81,10.29
268,Evensk,RU,2022-07-03 16:20:30,61.95,159.2333,51.17,80,99,5.26
269,Palmer,US,2022-07-03 16:20:31,42.1584,-72.3287,81.46,44,40,6.91
270,Wattegama,LK,2022-07-03 16:20:31,6.7989,81.4808,76.26,91,91,0.65
271,Rodrigues Alves,BR,2022-07-03 16:20:31,-7.738,-72.6509,88.0,46,81,3.33
272,Brownwood,US,2022-07-03 16:20:09,31.7093,-98.9912,93.2,50,0,6.91
273,Bhabua,IN,2022-07-03 16:20:32,25.05,83.6167,93.09,50,95,8.32
274,Road Town,VG,2022-07-03 16:19:49,18.4167,-64.6167,86.09,74,40,13.8
275,Tadine,NC,2022-07-03 16:21:33,-21.55,167.8833,72.81,75,79,12.37
276,Talnakh,RU,2022-07-03 16:21:33,69.4865,88.3972,52.21,66,52,15.28
277,Elat,IL,2022-07-03 16:21:34,29.5581,34.9482,100.24,14,0,10.36
278,Angoche,MZ,2022-07-03 16:21:34,-16.2325,39.9086,72.39,74,36,7.96
279,Buala,SB,2022-07-03 16:21:35,-8.145,159.5921,79.39,82,10,10.36
280,Whitehorse,CA,2022-07-03 16:21:35,60.7161,-135.0538,61.57,63,0,2.3
281,Baruun-Urt,MN,2022-07-03 16:21:36,46.6806,113.2792,66.02,79,100,9.93
282,Askarovo,RU,2022-07-03 16:21:36,53.3372,58.5089,63.55,55,75,8.95
283,Danjiangkou,CN,2022-07-03 16:21:37,32.5428,111.5086,80.83,74,55,6.82
284,Aviles,ES,2022-07-03 16:21:37,43.5547,-5.9248,63.79,93,75,6.91
285,Villa Sandino,NI,2022-07-03 16:21:37,12.0483,-84.9936,79.97,94,100,11.45
286,Dolores,AR,2022-07-03 16:21:38,-36.3132,-57.6792,54.77,28,11,7.0
287,Beitbridge,ZW,2022-07-03 16:21:38,-22.2167,30.0,71.85,44,6,3.31
288,Iaciara,BR,2022-07-03 16:21:39,-14.0958,-46.6317,87.46,24,3,7.76
289,Aklavik,CA,2022-07-03 16:21:39,68.2191,-135.0107,75.2,57,20,4.61
290,Katsuura,JP,2022-07-03 16:21:40,35.1333,140.3,76.89,84,100,16.8
291,Brownsville,US,2022-07-03 16:17:25,25.9018,-97.4975,93.2,60,40,13.8
292,Clayton,US,2022-07-03 16:21:40,33.5335,-84.3666,91.0,67,75,5.75
293,Praia Da Vitoria,PT,2022-07-03 16:21:41,38.7333,-27.0667,70.75,68,75,10.83
294,Faanui,PF,2022-07-03 16:21:41,-16.4833,-151.75,78.64,67,43,14.47
295,Barrow,US,2022-07-03 16:21:41,71.2906,-156.7887,39.22,87,100,11.5
296,Chissamba,AO,2022-07-03 16:21:42,-12.1667,17.3333,73.49,27,0,2.62
297,Boa Vista,BR,2022-07-03 16:21:42,2.8197,-60.6733,84.18,70,40,6.91
298,Vila Franca Do Campo,PT,2022-07-03 16:21:43,37.7167,-25.4333,72.01,68,71,8.05
299,Quatre Cocos,MU,2022-07-03 16:21:43,-20.2078,57.7625,69.1,77,80,22.1
300,Mizdah,LY,2022-07-03 16:21:43,31.4451,12.9801,96.64,13,0,24.7
301,Padang,ID,2022-07-03 16:21:44,-0.9492,100.3543,77.05,83,55,3.15
302,Vieira De Leiria,PT,2022-07-03 16:21:44,39.8695,-8.9324,85.84,64,20,10.36
303,Polson,US,2022-07-03 16:21:45,47.6936,-114.1632,65.77,83,100,0.74
304,Manaure,CO,2022-07-03 16:21:45,11.7751,-72.4445,89.47,56,53,19.06
305,Southern Pines,US,2022-07-03 16:21:46,35.174,-79.3923,93.33,60,0,8.05
306,Saldanha,ZA,2022-07-03 16:21:46,-33.0117,17.9442,57.25,80,15,6.62
307,Ishcherskaya,RU,2022-07-03 16:21:46,43.7153,45.1264,76.1,37,55,10.56
308,Sao Jose Da Coroa Grande,BR,2022-07-03 16:21:47,-8.8978,-35.1478,79.92,72,39,14.5
309,Kyzyl-Suu,KG,2022-07-03 16:21:47,42.3414,78.0056,65.55,41,5,5.1
310,Hervey Bay,AU,2022-07-03 16:21:48,-25.2986,152.8535,55.02,89,100,11.99
311,Clearwater,US,2022-07-03 16:18:35,27.9659,-82.8001,91.17,71,100,16.11
312,Pisco,PE,2022-07-03 16:21:48,-13.7,-76.2167,60.85,88,100,4.61
313,Swellendam,ZA,2022-07-03 16:21:49,-34.0226,20.4417,53.8,73,68,4.32
314,Srednekolymsk,RU,2022-07-03 16:21:49,67.45,153.6833,49.89,67,100,6.49
315,Black River,JM,2022-07-03 16:19:23,18.0264,-77.8487,85.71,64,100,7.27
316,Harper,LR,2022-07-03 16:21:50,4.375,-7.7169,77.99,74,73,10.92
317,Parana,AR,2022-07-03 16:20:24,-31.732,-60.5238,62.55,40,95,10.29
318,Huautla,MX,2022-07-03 16:21:50,21.0333,-98.2833,81.37,66,32,3.85
319,Samarai,PG,2022-07-03 16:21:51,-10.6167,150.6667,81.03,84,99,12.01
320,Papayal,PE,2022-07-03 16:21:51,-4.0761,-80.7361,80.19,56,35,7.0
321,Bay Roberts,CA,2022-07-03 16:22:52,47.5999,-53.2648,71.65,86,82,8.01
322,Zorritos,PE,2022-07-03 16:22:52,-3.6805,-80.6782,77.29,75,94,6.04
323,Nishihara,JP,2022-07-03 16:22:52,26.1842,127.7558,80.26,89,20,13.8
324,Starozhilovo,RU,2022-07-03 16:22:53,54.2254,39.916,73.94,68,57,7.05
325,Klang,MY,2022-07-03 16:22:53,3.0333,101.45,80.74,78,20,0.0
326,Cabo San Lucas,MX,2022-07-03 16:21:38,22.8909,-109.9124,90.18,65,0,3.44
327,Helong,CN,2022-07-03 16:22:54,42.5397,128.9972,65.52,96,0,4.68
328,Jumla,NP,2022-07-03 16:22:54,29.2747,82.1838,64.4,95,51,2.28
329,Nouadhibou,MR,2022-07-03 16:22:55,20.931,-17.0347,75.18,64,0,20.71
330,Grootfontein,NA,2022-07-03 16:22:55,-19.5667,18.1167,69.37,30,20,3.44
331,Covilha,PT,2022-07-03 16:22:55,40.286,-7.504,83.62,39,2,3.0
332,Taybad,IR,2022-07-03 16:22:56,34.74,60.7756,86.7,30,0,26.02
333,Bud,US,2022-07-03 16:22:56,39.447,-86.1758,85.82,46,6,7.49
334,Medicine Hat,CA,2022-07-03 16:22:57,50.0501,-110.6683,59.99,82,100,12.66
335,Maragogi,BR,2022-07-03 16:20:18,-9.0122,-35.2225,79.48,73,33,15.08
336,Komsomolskiy,UZ,2022-07-03 16:18:25,40.4272,71.7189,90.32,20,0,2.3
337,Alappuzha,IN,2022-07-03 16:22:58,9.49,76.3264,77.0,86,100,17.54
338,Berlevag,NO,2022-07-03 16:22:58,70.8578,29.0864,59.0,88,100,14.97
339,Shawnee,US,2022-07-03 16:22:59,39.05,-95.7669,79.18,87,100,8.05
340,Barahona,DO,2022-07-03 16:22:59,18.2085,-71.1008,75.02,88,100,18.41
341,Kilindoni,TZ,2022-07-03 16:22:59,-7.9139,39.6668,76.62,75,57,19.1
342,Buchanan,LR,2022-07-03 16:23:00,5.8808,-10.0467,79.11,75,93,13.62
343,Kholmogory,RU,2022-07-03 16:21:11,64.2229,41.656,75.88,43,5,0.74
344,Anadyr,RU,2022-07-03 16:23:00,64.75,177.4833,43.3,100,75,11.18
345,Daoukro,CI,2022-07-03 16:23:01,7.0591,-3.9631,82.6,64,75,3.91
346,Koumac,NC,2022-07-03 16:23:01,-20.5667,164.2833,73.67,85,37,4.34
347,Tigil,RU,2022-07-03 16:23:02,57.8,158.6667,42.89,98,56,3.22
348,Arlit,NE,2022-07-03 16:23:02,18.7369,7.3853,107.37,7,3,2.33
349,Takoradi,GH,2022-07-03 16:23:03,4.8845,-1.7554,79.11,73,74,10.8
350,Lantana,US,2022-07-03 16:23:03,26.5867,-80.052,92.05,69,75,11.5
351,Gwadar,PK,2022-07-03 16:23:03,25.1216,62.3254,84.06,86,44,5.86
352,Lompoc,US,2022-07-03 16:23:04,34.6391,-120.4579,64.85,89,100,11.5
353,Iraklion,GR,2022-07-03 16:23:04,35.3279,25.1434,81.77,55,20,19.57
354,Anderson,US,2022-07-03 16:20:02,34.5334,-82.6499,92.28,61,0,4.61
355,Muros,ES,2022-07-03 16:23:05,42.7762,-9.0603,76.84,64,58,17.63
356,Bartica,GY,2022-07-03 16:23:05,6.4,-58.6167,86.32,67,71,6.02
357,Hobyo,SO,2022-07-03 16:23:06,5.3505,48.5268,77.76,71,81,30.53
358,Fukue,JP,2022-07-03 16:23:06,32.6881,128.8419,77.14,89,100,21.88
359,Port Hedland,AU,2022-07-03 16:23:07,-20.3167,118.5667,57.25,35,11,9.22
360,Trinidad,BO,2022-07-03 16:23:07,-14.8333,-64.9,87.78,55,75,6.91
361,Kamskiye Polyany,RU,2022-07-03 16:23:07,55.4307,51.4171,67.01,84,67,10.09
362,Clyde,US,2022-07-03 16:23:08,41.3042,-82.9752,81.91,54,4,6.2
363,Masvingo,ZW,2022-07-03 16:23:08,-20.0637,30.8277,65.17,55,71,8.77
364,Yar-Sale,RU,2022-07-03 16:23:09,66.8333,70.8333,49.15,52,100,14.34
365,Sulphur Springs,US,2022-07-03 16:23:09,33.1385,-95.6011,91.81,51,0,0.0
366,Atar,MR,2022-07-03 16:23:09,20.5169,-13.0499,107.56,11,1,6.13
367,Paamiut,GL,2022-07-03 16:23:10,61.994,-49.6678,41.5,83,57,6.24
368,San Jeronimo,PE,2022-07-03 16:23:10,-11.9472,-75.2829,56.41,36,82,2.08
369,Ariquemes,BR,2022-07-03 16:23:11,-9.9133,-63.0408,93.09,36,40,3.85
370,Souillac,MU,2022-07-03 16:24:11,-20.5167,57.5167,68.38,94,40,13.8
371,San Felipe,VE,2022-07-03 16:24:12,10.3399,-68.7425,89.55,47,75,7.67
372,Montepuez,MZ,2022-07-03 16:24:12,-13.1256,38.9997,68.52,59,71,4.27
373,Beloha,MG,2022-07-03 16:24:12,-25.1667,45.05,65.77,55,0,8.01
374,Nanortalik,GL,2022-07-03 16:24:13,60.1432,-45.2371,46.72,89,98,8.23
375,Doha,QA,2022-07-03 16:23:29,25.2867,51.5333,100.71,27,0,13.8
376,Florence,IT,2022-07-03 16:20:32,43.7667,11.25,101.05,36,20,9.22
377,Fortuna,US,2022-07-03 16:24:14,40.5982,-124.1573,58.66,93,100,1.99
378,Dunedin,NZ,2022-07-03 16:24:14,-45.8742,170.5036,44.8,68,8,5.01
379,North Bend,US,2022-07-03 16:24:15,43.4065,-124.2243,59.92,97,100,0.0
380,Eureka,US,2022-07-03 16:22:34,40.8021,-124.1637,60.67,87,100,3.0
381,Astoria,US,2022-07-03 16:24:15,46.1879,-123.8313,58.55,80,100,5.75
382,Gulbene,LV,2022-07-03 16:24:16,57.1777,26.7529,75.96,55,90,1.5
383,Sinnai,IT,2022-07-03 16:24:16,39.3042,9.2036,91.85,28,0,9.22
384,Albert Lea,US,2022-07-03 16:24:17,43.648,-93.3683,79.9,53,0,8.05
385,Genhe,CN,2022-07-03 16:24:17,50.7833,121.5167,66.2,73,98,1.86
386,Guerrero Negro,MX,2022-07-03 16:24:17,27.9769,-114.0611,71.24,68,0,17.27
387,Bolgatanga,GH,2022-07-03 16:24:18,10.7856,-0.8514,91.11,43,72,7.58
388,Wolfhagen,DE,2022-07-03 16:24:18,51.3261,9.1702,78.75,36,0,14.97
389,Aswan,EG,2022-07-03 16:24:19,24.0934,32.907,103.3,11,0,14.97
390,Yashkul,RU,2022-07-03 16:24:19,46.1711,45.3435,76.1,35,59,13.06
391,San Jose,US,2022-07-03 16:22:20,37.3394,-121.895,61.52,72,100,6.91
392,Sabang,ID,2022-07-03 16:24:20,5.8933,95.3214,83.12,75,99,22.7
393,Roald,NO,2022-07-03 16:24:20,62.5833,6.1333,64.17,67,75,11.5
394,Kyabe,TD,2022-07-03 16:24:20,9.4515,18.9449,85.05,56,25,5.19
395,Abha,SA,2022-07-03 16:24:21,18.2164,42.5053,78.62,46,75,4.61
396,Itacoatiara,BR,2022-07-03 16:24:21,-3.1431,-58.4442,84.79,69,78,6.04
397,Sinnamary,GF,2022-07-03 16:24:22,5.3833,-52.95,84.47,69,96,9.66
398,Los Llanos De Aridane,ES,2022-07-03 16:24:22,28.6585,-17.9182,71.13,77,40,14.97
399,Avera,US,2022-07-03 16:24:23,33.194,-82.5271,91.54,39,0,5.99
400,Georgetown,MY,2022-07-03 16:24:23,5.4112,100.3354,84.88,79,20,3.44
401,Chapais,CA,2022-07-03 16:24:24,49.7834,-74.8492,53.38,87,98,11.16
402,Tommot,RU,2022-07-03 16:24:24,58.9564,126.2925,67.91,75,55,3.51
403,Kapit,MY,2022-07-03 16:24:24,2.0167,112.9333,76.42,87,98,0.81
404,Dalby,AU,2022-07-03 16:24:25,-27.1833,151.2667,40.98,93,62,4.52
405,Havre-Saint-Pierre,CA,2022-07-03 16:24:25,50.2334,-63.5986,61.16,63,75,17.27
406,Lustenau,AT,2022-07-03 16:24:26,47.4257,9.6753,88.03,57,0,4.61
407,Burla,IN,2022-07-03 16:24:26,21.5,83.8667,81.77,80,97,5.84
408,Sao Raimundo Nonato,BR,2022-07-03 16:24:26,-9.0153,-42.6994,88.72,29,23,12.82
409,Rio Gallegos,AR,2022-07-03 16:24:27,-51.6226,-69.2181,35.65,69,0,13.8
410,Yumen,CN,2022-07-03 16:24:27,40.2833,97.2,80.82,19,99,11.1
411,Abu Samrah,SY,2022-07-03 16:24:28,35.3029,37.1841,91.62,22,0,15.97
412,Digboi,IN,2022-07-03 16:24:28,27.3833,95.6333,76.6,97,45,3.33
413,Isabela,PH,2022-07-03 16:24:29,6.7085,121.9711,79.48,87,97,2.51
414,Hue,VN,2022-07-03 16:24:29,16.4667,107.6,84.31,79,20,1.14
415,Moura,PT,2022-07-03 16:24:29,38.1401,-7.4486,80.71,22,100,8.41
416,Meadow Lake,US,2022-07-03 16:25:30,34.8014,-106.5436,79.68,54,41,1.28
417,Superior,US,2022-07-03 16:24:05,46.7208,-92.1041,80.49,55,0,8.05
418,Paka,MY,2022-07-03 16:25:30,4.6374,103.4368,76.93,94,88,3.44
419,Lagos,NG,2022-07-03 16:25:31,6.5833,3.75,84.52,67,27,10.0
420,Port Augusta,AU,2022-07-03 16:25:31,-32.5,137.7667,43.93,84,0,8.55
421,Luganville,VU,2022-07-03 16:25:32,-15.5333,167.1667,78.71,83,28,15.23
422,Raudeberg,NO,2022-07-03 16:25:32,61.9875,5.1352,59.67,83,93,23.64
423,Timbiqui,CO,2022-07-03 16:25:33,2.7717,-77.6654,81.43,81,83,3.42
424,Launceston,AU,2022-07-03 16:25:33,-41.45,147.1667,36.16,100,1,0.0
425,Olafsvik,IS,2022-07-03 16:25:34,64.8945,-23.7142,47.98,80,93,19.1
426,Odienne,CI,2022-07-03 16:25:34,9.51,-7.5692,80.04,77,82,3.6
427,Lerwick,GB,2022-07-03 16:25:34,60.1545,-1.1494,53.6,83,96,19.6
428,Ponta Pora,BR,2022-07-03 16:25:35,-22.5361,-55.7256,84.11,48,20,9.22
429,Fereydunshahr,IR,2022-07-03 16:25:35,32.941,50.121,71.02,19,0,1.03
430,Surt,LY,2022-07-03 16:25:36,31.2089,16.5887,82.45,66,0,14.9
431,Druzhnaya Gorka,RU,2022-07-03 16:25:36,59.2761,30.1425,71.83,83,90,2.68
432,Naze,JP,2022-07-03 16:25:36,28.3667,129.4833,76.12,90,100,21.18
433,Adrar,MR,2022-07-03 16:25:37,20.5022,-10.0711,106.59,11,3,4.0
434,Gravdal,NO,2022-07-03 16:25:37,68.1214,13.5031,66.09,55,0,8.05
435,Huarmey,PE,2022-07-03 16:25:38,-10.0681,-78.1522,67.06,72,85,8.72
436,Shetpe,KZ,2022-07-03 16:25:38,44.1667,52.1167,67.05,43,60,19.55
437,Wanning,CN,2022-07-03 16:25:38,18.8003,110.3967,81.16,86,100,11.81
438,San Juan,AR,2022-07-03 16:25:30,-31.5375,-68.5364,53.74,26,6,2.06
439,Celestun,MX,2022-07-03 16:25:39,20.8667,-90.4,87.35,59,10,5.97
440,Krasnovishersk,RU,2022-07-03 16:25:40,60.4078,57.082,54.46,80,100,4.9
441,Sibu,MY,2022-07-03 16:25:40,2.3,111.8167,79.11,89,40,0.0
442,Hohhot,CN,2022-07-03 16:25:41,40.8106,111.6522,66.49,88,0,4.47
443,Druzhba,UA,2022-07-03 16:25:41,52.0428,33.9453,74.71,68,55,6.58
444,Mnogovershinnyy,RU,2022-07-03 16:25:42,53.9353,139.9242,57.61,61,53,3.69
445,Sarab,IR,2022-07-03 16:25:42,38.6066,44.9883,76.17,37,0,6.85
446,Pangnirtung,CA,2022-07-03 16:25:42,66.1451,-65.7125,48.2,71,100,4.61
447,Ponta Delgada,PT,2022-07-03 16:25:27,37.7333,-25.6667,72.32,60,40,11.5
448,Highland,US,2022-07-03 16:24:14,34.1283,-117.2086,87.08,48,0,1.99
449,Porto Belo,BR,2022-07-03 16:25:43,-27.1578,-48.5531,77.79,73,3,5.06
450,Oriximina,BR,2022-07-03 16:25:44,-1.7656,-55.8661,85.68,64,64,5.41
451,Paso De Los Toros,UY,2022-07-03 16:25:44,-32.8167,-56.5167,53.65,53,30,11.83
452,Cabedelo,BR,2022-07-03 16:25:45,-6.9811,-34.8339,75.87,86,100,19.8
453,Najran,SA,2022-07-03 16:25:45,17.4924,44.1277,97.45,18,73,3.8
454,Itarema,BR,2022-07-03 16:25:46,-2.9248,-39.9167,84.9,61,43,14.5
455,Ylivieska,FI,2022-07-03 16:23:31,64.0833,24.55,78.89,41,7,7.25
456,Bima,ID,2022-07-03 16:25:46,-8.4667,118.7167,75.18,95,26,3.38
457,Choix,MX,2022-07-03 16:25:47,26.7092,-108.3219,85.23,61,61,0.92
458,Pacific Grove,US,2022-07-03 16:25:47,36.6177,-121.9166,61.02,87,75,9.22
459,Pangai,TO,2022-07-03 16:25:48,-19.8,-174.35,76.28,79,47,19.71
460,Dumas,US,2022-07-03 16:26:48,35.8656,-101.9732,87.94,33,0,12.66
461,Shar,KZ,2022-07-03 16:26:49,49.5886,81.0453,67.89,33,4,8.46
462,Kidal,ML,2022-07-03 16:26:49,18.4411,1.4078,103.51,13,43,18.32
463,Saint-Pierre,RE,2022-07-03 16:26:50,-21.3393,55.4781,71.28,81,75,18.41
464,Tessalit,ML,2022-07-03 16:26:50,20.1986,1.0114,108.75,6,65,16.17
465,Port-Cartier,CA,2022-07-03 16:26:51,50.0334,-66.8654,61.75,37,4,10.71
466,Lesnyye Polyany,RU,2022-07-03 16:26:51,55.9667,37.8667,84.42,46,16,8.21
467,Brigantine,US,2022-07-03 16:26:51,39.4101,-74.3646,79.2,86,75,9.22
468,Rorvik,NO,2022-07-03 16:26:52,64.8621,11.2373,56.21,83,62,10.42
469,Baykit,RU,2022-07-03 16:26:53,61.67,96.37,52.59,95,23,3.69
470,Nador,MA,2022-07-03 16:26:53,35.174,-2.9287,78.87,88,100,8.05
471,Leh,IN,2022-07-03 16:26:53,34.1667,77.5833,74.3,24,3,4.7
472,Warrnambool,AU,2022-07-03 16:26:54,-38.3833,142.4833,48.81,85,40,10.31
473,Kirkland Lake,CA,2022-07-03 16:26:54,48.1446,-80.0377,66.49,45,61,11.27
474,Kreminna,UA,2022-07-03 16:26:55,49.0495,38.2179,76.55,46,48,9.22
475,Port Blair,IN,2022-07-03 16:26:55,11.6667,92.75,83.08,83,100,15.46
476,Gusau,NG,2022-07-03 16:26:56,12.1628,6.6614,94.44,32,28,1.28
477,Yuzhno-Sukhokumsk,RU,2022-07-03 16:26:56,44.6581,45.6436,77.76,32,36,14.18
478,Shahrud,IR,2022-07-03 16:26:57,36.4182,54.9763,65.98,62,5,18.34
479,Melfi,IT,2022-07-03 16:26:57,40.9965,15.6514,97.48,23,0,13.42
480,Mwene-Ditu,CD,2022-07-03 16:26:58,-7.0,23.45,79.92,34,4,3.15
481,Tres Picos,MX,2022-07-03 16:26:58,15.8667,-93.5333,86.92,63,100,1.72
482,Ahuimanu,US,2022-07-03 16:26:59,21.4447,-157.8378,75.85,85,100,8.05
483,Farafangana,MG,2022-07-03 16:26:59,-22.8167,47.8333,68.04,70,4,7.05
484,Mbandaka,CD,2022-07-03 16:22:04,0.0487,18.2603,79.59,65,13,3.67
485,Grand Gaube,MU,2022-07-03 16:27:00,-20.0064,57.6608,69.39,81,63,13.0
486,Beba,CU,2022-07-03 16:27:00,22.4437,-79.7253,82.67,68,42,12.26
487,Mangrol,IN,2022-07-03 16:27:00,21.1167,70.1167,83.48,81,100,17.43
488,Panaba,MX,2022-07-03 16:27:01,21.2833,-88.2667,92.46,43,0,9.46
489,Chumikan,RU,2022-07-03 16:27:01,54.7183,135.315,48.74,92,31,2.24
490,Samana,DO,2022-07-03 16:27:02,19.2056,-69.3369,84.42,84,75,11.5
491,Imbituba,BR,2022-07-03 16:27:02,-28.24,-48.6703,69.1,86,78,15.99
492,Mount Isa,AU,2022-07-03 16:27:03,-20.7333,139.5,49.77,71,0,8.05
493,Salinopolis,BR,2022-07-03 16:27:03,-0.6136,-47.3561,81.12,81,76,13.2
494,Warah,PK,2022-07-03 16:27:03,27.4481,67.7978,100.45,38,16,15.43
495,Kakrala,IN,2022-07-03 16:27:04,27.9,79.2,95.5,45,100,1.66
496,Nikolsk,RU,2022-07-03 16:27:04,53.7189,46.0712,64.42,83,57,6.96
497,Triolet,MU,2022-07-03 16:27:05,-20.0547,57.5453,69.28,81,45,13.0
498,Vestmannaeyjar,IS,2022-07-03 16:27:05,63.4427,-20.2734,52.79,71,75,23.02
499,Scarborough,GB,2022-07-03 16:27:06,54.2797,-0.4044,65.34,80,80,1.99
500,Jiuquan,CN,2022-07-03 16:25:58,39.7432,98.5174,78.42,27,31,8.37
501,Montrose,US,2022-07-03 16:27:06,38.4166,-108.2673,69.21,47,14,5.86
502,Kabare,CD,2022-07-03 16:28:07,-2.4683,28.8242,64.11,69,33,3.0
503,Kupang,ID,2022-07-03 16:28:07,-10.1667,123.5833,77.61,83,99,14.76
504,Freetown,SL,2022-07-03 16:28:07,8.484,-13.2299,85.71,70,40,9.22
505,Seoul,KR,2022-07-03 16:28:08,37.5683,126.9778,80.2,83,0,3.44
506,Nakhon Sawan,TH,2022-07-03 16:28:08,15.7,100.0833,79.0,83,90,5.1
507,Zhanaozen,KZ,2022-07-03 16:28:09,43.3,52.8,68.04,39,0,19.04
508,Ewa Beach,US,2022-07-03 16:28:09,21.3156,-158.0072,76.08,76,100,8.05
509,Boende,CD,2022-07-03 16:28:10,-0.2167,20.8667,81.0,67,75,3.0
510,Chara,RU,2022-07-03 16:28:10,56.9064,118.2631,70.59,69,93,2.75
511,Auki,SB,2022-07-03 16:28:11,-8.7676,160.7034,76.6,87,7,3.78
512,Jistebnice,CZ,2022-07-03 16:28:11,49.4855,14.5276,82.58,54,0,5.5
513,Aripuana,BR,2022-07-03 16:28:12,-9.1667,-60.6333,93.7,30,1,5.14
514,Hami,CN,2022-07-03 16:28:12,42.8,93.45,82.04,13,22,7.05
515,Rodos,GR,2022-07-03 16:28:12,36.4408,28.2225,87.46,45,0,16.11
516,Ust-Omchug,RU,2022-07-03 16:28:13,61.15,149.6333,56.19,50,100,2.89
517,Murten,CH,2022-07-03 16:28:13,46.9283,7.1172,90.64,38,20,2.3
518,Labuhan,ID,2022-07-03 16:28:14,-6.8844,112.2051,80.01,87,81,8.21
519,Maua,BR,2022-07-03 16:28:14,-23.6678,-46.4614,81.36,37,0,1.16
520,Sobolevo,RU,2022-07-03 16:28:14,54.4299,31.8996,75.24,79,72,5.21
521,Hirara,JP,2022-07-03 16:28:15,24.8,125.2833,82.47,82,100,10.96
522,Vallenar,CL,2022-07-03 16:28:15,-28.5708,-70.7581,70.93,18,96,4.07
523,Dakar,SN,2022-07-03 16:28:16,14.6937,-17.4441,86.88,62,0,18.41
524,Alofi,NU,2022-07-03 16:28:16,-19.0595,-169.9187,67.89,100,49,3.44
525,Tomball,US,2022-07-03 16:28:16,30.0972,-95.6161,93.9,59,40,8.05
526,Yaan,NG,2022-07-03 16:28:17,7.3833,8.5667,83.66,67,84,4.45
527,Tautira,PF,2022-07-03 16:25:26,-17.7333,-149.15,76.12,67,10,9.98
528,La Rioja,ES,2022-07-03 16:26:04,42.25,-2.5,80.38,38,45,12.35
529,Amboasary,MG,2022-07-03 16:28:18,-25.0333,46.3833,66.13,67,0,4.34
530,Junction City,US,2022-07-03 16:28:18,39.0286,-96.8314,82.56,81,40,10.0
531,Green River,US,2022-07-03 16:28:19,41.5286,-109.4662,82.98,34,52,7.0
532,Derzhavinsk,KZ,2022-07-03 16:28:19,51.1,66.3167,71.55,42,99,18.59
533,Taksimo,RU,2022-07-03 16:28:20,56.3444,114.8794,67.55,87,74,4.32
534,Mercedes,AR,2022-07-03 16:28:20,-34.6515,-59.4307,57.04,32,5,7.47
535,Sosnogorsk,RU,2022-07-03 16:28:20,63.6023,53.8817,61.12,43,63,5.79
536,Beringovskiy,RU,2022-07-03 16:28:21,63.05,179.3167,44.6,98,100,7.94
537,Tabou,CI,2022-07-03 16:28:21,4.423,-7.3528,78.04,73,71,10.63
538,Remanso,BR,2022-07-03 16:28:22,-9.6179,-42.0831,84.04,39,28,14.36
539,Sangueya,GN,2022-07-03 16:28:22,10.7,-14.3667,77.0,86,100,5.55
540,Prince Rupert,CA,2022-07-03 16:25:13,54.3161,-130.3201,58.69,96,100,0.0
541,Coihaique,CL,2022-07-03 16:28:23,-45.5752,-72.0662,34.41,93,100,0.0
542,Ambilobe,MG,2022-07-03 16:28:23,-13.2,49.05,72.63,57,29,9.33
543,West Bay,KY,2022-07-03 16:28:24,19.3667,-81.4167,89.67,79,20,8.05
544,Tarancon,ES,2022-07-03 16:28:24,40.0085,-3.0073,92.21,21,47,12.73
545,Chemal,RU,2022-07-03 16:28:24,51.4111,86.005,52.25,90,19,3.8
546,Kearney,US,2022-07-03 16:28:25,40.6995,-99.0815,76.91,85,100,16.11
547,Dunmore,US,2022-07-03 16:28:25,41.4198,-75.6324,81.25,51,0,10.36
548,Ullapool,GB,2022-07-03 16:28:26,57.8987,-5.1604,54.36,89,100,16.04
549,Faya,SA,2022-07-03 16:29:26,18.3851,42.4509,78.91,35,13,10.4
550,Klaksvik,FO,2022-07-03 16:29:27,62.2266,-6.589,50.92,87,99,24.47
551,Tuatapere,NZ,2022-07-03 16:29:27,-46.1333,167.6833,40.46,90,2,3.74
552,Kahului,US,2022-07-03 16:24:48,20.8947,-156.47,76.84,80,40,16.11
553,Karasjok,NO,2022-07-03 16:29:28,69.4719,25.5112,74.59,48,87,11.61
554,Santa Rosa,PH,2022-07-03 16:29:28,14.3122,121.1114,85.1,84,100,4.09
555,Puerto Colombia,CO,2022-07-03 16:29:28,10.9878,-74.9547,89.69,67,11,1.59
556,Sola,VU,2022-07-03 16:29:29,-13.8833,167.55,80.35,78,32,26.19
557,Umm Kaddadah,SD,2022-07-03 16:29:29,13.6017,26.6876,94.95,27,70,2.42
558,Hounde,BF,2022-07-03 16:29:30,11.5,-3.5167,85.42,56,99,6.31
559,Kafanchan,NG,2022-07-03 16:29:30,9.5833,8.3,77.5,80,75,3.87
560,Pitogo,PH,2022-07-03 16:29:30,13.7847,122.0881,79.41,88,100,3.4
561,Shingu,JP,2022-07-03 16:29:31,33.7333,135.9833,74.95,94,100,3.83
562,Mpongwe,ZM,2022-07-03 16:29:31,-13.5091,28.155,66.29,40,2,2.89
563,Sakakah,SA,2022-07-03 16:25:57,29.9697,40.2064,96.37,11,0,16.02
564,Kashan,IR,2022-07-03 16:29:32,33.9831,51.4364,98.19,13,0,6.91
565,Herat,AF,2022-07-03 16:28:30,34.5,62.0,84.56,28,0,41.47
566,Ouadda,CF,2022-07-03 16:29:32,8.0777,22.4007,74.61,81,94,3.53
567,Verkhnevilyuysk,RU,2022-07-03 16:29:33,63.4453,120.3167,68.09,75,53,4.12
568,Zhigansk,RU,2022-07-03 16:29:33,66.7697,123.3711,63.0,69,91,13.06
569,Lipin Bor,RU,2022-07-03 16:29:34,60.2622,37.9763,73.04,57,55,4.7
570,Buraydah,SA,2022-07-03 16:29:35,26.326,43.975,100.85,11,54,11.1
571,Mustasaari,FI,2022-07-03 16:28:55,63.1142,21.6822,74.23,52,0,13.8
572,Cotonou,BJ,2022-07-03 16:27:46,6.3654,2.4183,79.61,76,45,13.85
573,Mehamn,NO,2022-07-03 16:29:35,71.0357,27.8492,58.95,77,75,20.71
574,Sisimiut,GL,2022-07-03 16:29:36,66.9395,-53.6735,50.13,63,95,6.2
575,Iralaya,HN,2022-07-03 16:27:48,15.0,-83.2333,83.52,71,100,11.97
576,Laguna,US,2022-07-03 16:26:45,38.421,-121.4238,66.43,69,0,11.5
577,Lins,BR,2022-07-03 16:24:38,-21.6786,-49.7425,87.71,24,0,7.72
578,Praya,CV,2022-07-03 16:29:37,14.9215,-23.5087,79.34,61,75,20.71
579,Mushie,CD,2022-07-03 16:29:37,-3.0167,16.9,93.79,28,17,3.24
580,Sheffield,GB,2022-07-03 16:26:05,53.383,-1.4659,68.36,59,70,3.0
581,Hvolsvollur,IS,2022-07-03 16:29:38,63.7533,-20.2243,52.47,62,100,16.02
582,Visby,SE,2022-07-03 16:25:57,57.6409,18.296,73.06,68,0,11.5
583,Jorpeland,NO,2022-07-03 16:29:39,59.0225,6.0408,64.11,79,84,4.81
584,Iberia,US,2022-07-03 16:29:39,29.9502,-91.7507,90.09,66,75,4.61
585,Ambon,ID,2022-07-03 16:29:40,-3.6954,128.1814,78.24,15,40,4.61
586,Airai,TL,2022-07-03 16:29:40,-8.9266,125.4092,59.79,95,100,4.18
587,Grand-Santi,GF,2022-07-03 16:29:41,4.25,-54.3833,87.82,54,95,5.06
588,Yuncheng,CN,2022-07-03 16:29:41,35.0231,110.9928,80.1,72,8,5.82
589,Marquette,US,2022-07-03 16:29:41,46.5333,-87.6335,71.78,53,25,4.23
590,Noumea,NC,2022-07-03 16:29:42,-22.2763,166.4572,75.0,99,91,9.78
591,Plettenberg Bay,ZA,2022-07-03 16:29:42,-34.0527,23.3716,56.5,77,32,1.23
592,Ostrovnoy,RU,2022-07-03 16:29:43,68.0531,39.5131,72.34,62,0,14.14
593,San Ramon,US,2022-07-03 16:25:47,37.7799,-121.978,61.02,88,100,11.5
594,Xiuyan,CN,2022-07-03 16:29:43,40.2928,123.2744,67.8,99,97,3.02
595,Pitimbu,BR,2022-07-03 16:30:44,-7.4706,-34.8086,75.79,82,99,17.18
596,Deputatskiy,RU,2022-07-03 16:30:44,69.3,139.9,51.51,93,100,3.67
597,Zyryanka,RU,2022-07-03 16:27:25,65.75,150.85,57.45,58,73,4.63
598,Healdsburg,US,2022-07-03 16:30:45,38.6105,-122.8692,66.97,70,100,5.99
599,Inongo,CD,2022-07-03 16:30:45,-1.95,18.2667,75.36,62,23,1.79
600,Juazeiro,BR,2022-07-03 16:30:46,-9.4117,-40.4986,86.18,42,75,18.41
601,Vrede,ZA,2022-07-03 16:30:46,-27.4257,29.1659,47.82,55,2,3.71
602,Maromitsa,RU,2022-07-03 16:30:46,59.8683,48.0123,60.35,73,60,4.99
603,Antalaha,MG,2022-07-03 16:30:47,-14.9003,50.2788,68.34,88,48,9.98
604,Malatya,TR,2022-07-03 16:30:47,38.5,38.0,82.45,13,0,14.97
605,Marsa Matruh,EG,2022-07-03 16:30:48,31.3525,27.2453,79.68,72,0,11.81
606,Karatau,KZ,2022-07-03 16:30:48,43.1667,70.4667,81.99,22,61,5.32
607,Puri,IN,2022-07-03 16:30:48,19.8,85.85,84.72,79,100,7.09
608,Corrientes,AR,2022-07-03 16:30:49,-27.4806,-58.8341,67.98,85,0,5.75
609,Chlorakas,CY,2022-07-03 16:30:49,34.8042,32.4083,86.54,74,0,4.61
610,Show Low,US,2022-07-03 16:30:50,34.2542,-110.0298,73.08,52,75,10.36
611,Manjacaze,MZ,2022-07-03 16:30:50,-24.7117,33.8828,67.28,73,5,3.09
612,Cervo,ES,2022-07-03 16:30:51,43.6702,-7.4101,61.97,88,100,15.75
613,Port Keats,AU,2022-07-03 16:30:52,-14.25,129.55,65.41,48,96,14.7
614,Irara,BR,2022-07-03 16:30:52,-12.05,-38.7667,80.06,46,77,15.48
615,Sioux Lookout,CA,2022-07-03 16:30:23,50.1001,-91.917,69.87,43,75,10.36
616,Maridi,SS,2022-07-03 16:30:53,4.9158,29.4742,70.97,83,20,6.08
617,La Macarena,CO,2022-07-03 16:30:53,2.1837,-73.7849,81.55,71,69,3.04
618,Lata,PT,2022-07-03 16:30:53,40.1629,-8.3327,84.49,48,1,8.72
619,Nisia Floresta,BR,2022-07-03 16:30:54,-6.0911,-35.2086,75.58,96,100,8.93
620,Sakaiminato,JP,2022-07-03 16:30:54,35.55,133.2333,80.58,89,75,4.61
621,Mareeba,AU,2022-07-03 16:30:55,-17.0,145.4333,65.44,94,65,2.66
622,Rehoboth,NA,2022-07-03 16:30:55,-23.3167,17.0833,62.37,29,0,9.46
623,Lahat,ID,2022-07-03 16:30:56,-3.8,103.5333,72.66,97,86,2.59
624,San Carlos De Bariloche,AR,2022-07-03 16:26:16,-41.1456,-71.3082,40.75,60,75,26.46
625,Yamada,JP,2022-07-03 16:30:56,39.4667,141.95,72.54,61,73,4.56
626,Key Largo,US,2022-07-03 16:27:24,25.0865,-80.4473,91.0,70,98,12.73
627,George,ZA,2022-07-03 16:30:57,-33.963,22.4617,53.15,94,75,3.44
628,Camacha,PT,2022-07-03 16:30:57,33.0833,-16.3333,69.22,68,20,12.66
629,Yertsevo,RU,2022-07-03 16:30:58,60.7966,40.086,68.56,63,89,4.09
630,Yertarskiy,RU,2022-07-03 16:30:58,56.7902,64.2995,55.13,98,100,7.7
631,Alamosa,US,2022-07-03 16:30:59,37.4695,-105.87,66.18,63,0,4.61
632,Matadi,CD,2022-07-03 16:30:59,-5.8167,13.45,83.95,47,7,6.87
633,Kovdor,RU,2022-07-03 16:30:59,67.5662,30.4758,70.93,72,95,7.96
634,Magadan,RU,2022-07-03 16:31:00,59.5667,150.8,52.0,70,70,2.08
635,Arkhangelsk,RU,2022-07-03 16:31:00,64.5401,40.5433,78.91,36,0,2.24
636,Polunochnoye,RU,2022-07-03 16:31:01,60.8697,60.4153,50.13,71,90,8.05
637,Walvis Bay,NA,2022-07-03 16:31:01,-22.9575,14.5053,67.15,63,0,4.61
638,Fairbanks,US,2022-07-03 16:31:01,64.8378,-147.7164,69.93,70,0,8.05
639,Santa Maria,BR,2022-07-03 16:31:02,-29.6842,-53.8069,58.3,77,75,16.11
640,Voznesenye,RU,2022-07-03 16:31:02,61.0106,35.4781,65.7,87,85,3.96
641,Martapura,ID,2022-07-03 16:32:03,-3.4167,114.85,77.09,100,100,3.44
642,Esik,KZ,2022-07-03 16:32:03,43.3552,77.4525,72.82,33,36,6.11
643,Muncar,ID,2022-07-03 16:32:04,-8.4333,114.3333,76.77,92,29,1.61
644,Davenda,RU,2022-07-03 16:32:04,53.5556,119.317,63.77,89,98,1.39
645,Ust-Shonosha,RU,2022-07-03 16:32:05,61.1531,41.343,68.88,66,0,2.98
646,Karratha,AU,2022-07-03 16:32:05,-20.7377,116.8463,62.98,31,6,20.45
647,Ola,RU,2022-07-03 16:32:06,59.5833,151.2833,51.15,77,91,2.77
648,Arona,ES,2022-07-03 16:32:06,28.0996,-16.681,74.01,74,40,26.46
649,Zhezkazgan,KZ,2022-07-03 16:32:06,47.8043,67.7144,79.03,24,92,14.99
650,Saint-Denis,FR,2022-07-03 16:32:07,48.9167,2.3333,78.08,41,0,12.66
651,Taoudenni,ML,2022-07-03 16:32:07,22.6783,-3.9836,111.96,9,88,10.89
652,Tripoli,LY,2022-07-03 16:32:08,32.8752,13.1875,81.37,76,0,11.03
653,Barpali,IN,2022-07-03 16:32:08,21.2,83.5833,81.88,79,100,8.05
654,Makakilo City,US,2022-07-03 16:32:09,21.3469,-158.0858,74.68,75,100,8.05
655,Shimoda,JP,2022-07-03 16:32:09,34.6667,138.95,78.1,89,100,10.16
656,San Carlos,VE,2022-07-03 16:32:09,9.6612,-68.5827,79.48,90,65,5.41
657,Kiunga,PG,2022-07-03 16:32:10,-6.1219,141.2906,73.74,98,98,0.78
658,Wakkanai,JP,2022-07-03 16:32:10,45.4094,141.6739,61.27,97,99,14.81
659,Akcaabat,TR,2022-07-03 16:32:11,41.0212,39.5715,73.27,73,40,10.36
660,Borazjan,IR,2022-07-03 16:32:11,29.2666,51.2159,96.24,21,1,0.51
661,Asekeyevo,RU,2022-07-03 16:32:11,53.5742,52.7972,60.84,89,34,6.73
662,Nzega,RW,2022-07-03 16:32:12,-2.479,29.5564,56.08,69,26,2.93
663,Sept-Iles,CA,2022-07-03 16:32:13,50.2001,-66.3821,62.06,65,75,20.71
664,Lexington Park,US,2022-07-03 16:32:07,38.2668,-76.4538,83.95,79,75,11.5
665,Solnechnyy,RU,2022-07-03 16:32:13,50.7214,136.6319,66.02,96,57,1.74
666,Lebedinyy,RU,2022-07-03 16:32:14,58.5167,125.5167,64.87,67,7,9.1
667,Oussouye,SN,2022-07-03 16:32:14,12.485,-16.5469,89.78,64,93,9.64
668,Cap Malheureux,MU,2022-07-03 16:32:15,-19.9842,57.6142,68.47,81,60,7.0
669,Opole,PL,2022-07-03 16:32:15,50.5,18.0,80.4,49,20,4.14
670,Colonia,DE,2022-07-03 16:29:48,50.9333,6.95,78.58,49,0,14.97
671,Broome,US,2022-07-03 16:32:16,42.2506,-75.833,77.47,43,0,12.66
672,Vostok,RU,2022-07-03 16:32:16,46.4856,135.8833,61.93,98,97,4.18
673,Seymchan,RU,2022-07-03 16:32:17,62.8833,152.4333,51.85,77,95,2.3
674,Port Hardy,CA,2022-07-03 16:32:17,50.6996,-127.4199,59.18,82,100,2.3
675,Dingle,PH,2022-07-03 16:32:17,10.9995,122.6711,79.5,85,96,4.7
676,Melendugno,IT,2022-07-03 16:32:18,40.2747,18.3368,91.49,46,0,13.8
677,Tongliao,CN,2022-07-03 16:32:18,43.6125,122.2653,74.21,84,100,13.56
678,Nortelandia,BR,2022-07-03 16:32:19,-14.4547,-56.8028,95.92,22,65,6.91
679,Asyut,EG,2022-07-03 16:32:19,27.181,31.1837,98.78,16,1,8.99
680,Kununurra,AU,2022-07-03 16:32:19,-15.7667,128.7333,64.38,36,19,6.91
681,Pontal Do Parana,BR,2022-07-03 16:32:20,-25.6533,-48.5128,85.98,39,0,13.8
682,Bafoulabe,ML,2022-07-03 16:32:20,13.8065,-10.8321,93.88,41,81,5.61
683,Veraval,IN,2022-07-03 16:32:21,20.9,70.3667,83.01,82,99,17.63
684,Gavle,SE,2022-07-03 16:32:21,60.6745,17.1417,72.37,55,95,1.99
685,Isangel,VU,2022-07-03 16:32:22,-19.55,169.2667,73.56,85,8,11.63
686,Jaru,BR,2022-07-03 16:32:22,-10.4389,-62.4664,93.51,33,6,4.68
687,Ipora,BR,2022-07-03 16:32:22,-16.4419,-51.1178,89.51,20,23,6.64
688,Abu Kamal,SY,2022-07-03 16:33:23,34.4506,40.9171,97.83,8,0,16.37
689,Kuala Selangor,MY,2022-07-03 16:33:23,3.35,101.25,80.8,76,72,2.44
690,Zeya,RU,2022-07-03 16:33:24,53.75,127.2667,65.34,86,3,3.06
691,Kalmunai,LK,2022-07-03 16:33:24,7.4167,81.8167,81.66,78,92,4.83
692,Ternate,ID,2022-07-03 16:33:25,0.8,127.4,78.42,87,100,9.51
693,Buluang,PH,2022-07-03 16:33:25,13.3068,123.3425,77.38,88,96,3.69
694,Zima,RU,2022-07-03 16:33:25,53.9202,102.0442,58.66,65,100,2.51
695,Kamaishi,JP,2022-07-03 16:33:26,39.2667,141.8833,74.25,66,78,5.01
696,Ardesen,TR,2022-07-03 16:33:26,41.1911,40.9875,69.46,72,30,8.81
697,Nelson Bay,AU,2022-07-03 16:33:27,-32.7167,152.15,62.01,99,97,18.99
698,Manokwari,ID,2022-07-03 16:33:27,-0.8667,134.0833,76.68,78,75,3.0
699,Sarangani,PH,2022-07-03 16:33:28,5.4033,125.4636,82.17,77,96,4.94
700,Gorom-Gorom,BF,2022-07-03 16:33:28,14.4439,-0.2361,98.64,28,94,2.8
701,Petropavlovsk-Kamchatskiy,RU,2022-07-03 16:33:29,53.0452,158.6483,54.19,100,75,4.47
702,San Quintin,MX,2022-07-03 16:33:29,30.4833,-115.95,70.03,69,25,16.73
703,Wageningen,NL,2022-07-03 16:33:29,51.9667,5.6667,72.07,62,75,10.36
704,Le Vauclin,MQ,2022-07-03 16:33:30,14.5452,-60.8388,86.05,74,75,20.71
705,Asfi,MA,2022-07-03 16:33:30,32.2994,-9.2372,71.35,71,0,17.34
706,Talcahuano,CL,2022-07-03 16:32:26,-36.7167,-73.1167,44.28,87,40,6.91
707,Zhicheng,CN,2022-07-03 16:33:31,30.2956,111.5047,75.2,90,100,3.27
708,Davidson,US,2022-07-03 16:33:31,36.1501,-86.7833,90.39,64,75,9.22
709,Cukai,MY,2022-07-03 16:33:32,4.25,103.4167,77.0,87,86,3.87
710,San Cristobal,VE,2022-07-03 16:33:32,7.7669,-72.225,80.78,60,50,8.41
711,Braganca,BR,2022-07-03 16:33:33,-1.0536,-46.7656,82.44,76,66,6.24
712,Kijang,KR,2022-07-03 16:33:33,35.2442,129.2139,82.13,78,90,5.84
713,Macomer,IT,2022-07-03 16:33:33,40.262,8.7699,85.33,14,85,2.8
714,Kemin,KG,2022-07-03 16:33:34,42.7846,75.6892,72.03,34,34,4.18
715,Nola,IT,2022-07-03 16:33:34,40.922,14.5329,94.62,50,3,5.01
716,Waiouru,NZ,2022-07-03 16:33:35,-39.4833,175.6667,41.18,83,92,3.65
717,Kulhudhuffushi,MV,2022-07-03 16:33:35,6.6221,73.07,80.47,75,100,12.15
718,Ishikari,JP,2022-07-03 16:33:35,43.2397,141.3539,69.26,90,55,5.5
719,Waipawa,NZ,2022-07-03 16:33:36,-41.4122,175.5153,42.1,88,0,4.9
720,Redmond,US,2022-07-03 16:29:02,47.674,-122.1215,57.92,87,100,1.99
721,Nyuksenitsa,RU,2022-07-03 16:33:37,60.4128,44.2397,65.59,66,11,2.62
722,Hasaki,JP,2022-07-03 16:33:37,35.7333,140.8333,81.0,79,100,15.84
723,Okakarara,NA,2022-07-03 16:33:37,-20.5833,17.4333,62.08,31,4,8.03
724,Halifax,CA,2022-07-03 16:29:52,44.6453,-63.5724,79.52,81,100,9.22
725,Villa Carlos Paz,AR,2022-07-03 16:33:38,-31.4241,-64.4978,59.9,13,49,10.0
726,Khani,GE,2022-07-03 16:33:38,41.9563,42.9566,63.97,91,52,1.74
727,Tyret Pervaya,RU,2022-07-03 16:33:39,53.6703,102.3106,57.51,64,99,2.62
728,San Lorenzo,PY,2022-07-03 16:32:58,-25.3333,-57.5333,77.94,100,0,6.91
729,Qianan,CN,2022-07-03 16:33:40,44.9932,124.0581,74.89,87,63,15.05
730,Eresos,GR,2022-07-03 16:33:40,39.1667,25.9333,79.9,43,0,23.8
731,Kapoeta,SS,2022-07-03 16:33:41,4.7717,33.5903,72.45,77,96,8.75
732,Rawson,AR,2022-07-03 16:33:41,-43.3002,-65.1023,52.9,31,1,19.15
733,Nuuk,GL,2022-07-03 16:33:41,64.1835,-51.7216,59.61,47,40,9.22
734,Qaqortoq,GL,2022-07-03 16:34:42,60.7167,-46.0333,47.14,70,100,0.87
735,Marzuq,YE,2022-07-03 16:34:42,14.4,46.4667,87.57,25,30,4.85
736,Mehtar Lam,AF,2022-07-03 16:34:43,34.6714,70.2094,93.16,47,11,4.54
737,Russell,US,2022-07-03 16:34:06,32.3502,-85.1999,88.92,46,61,4.99
738,Kuusamo,FI,2022-07-03 16:34:43,65.9667,29.1833,73.44,73,0,6.91
739,Darhan,MN,2022-07-03 16:34:44,49.4867,105.9228,63.03,57,100,6.76
740,Pueblo Nuevo,MX,2022-07-03 16:34:44,23.3833,-105.3833,73.76,45,14,4.65
741,Rosarito,MX,2022-07-03 16:34:45,32.3333,-117.0333,74.41,66,20,9.04
742,Gizo,SB,2022-07-03 16:34:45,-8.103,156.8419,81.77,77,96,9.55
743,Daru,PG,2022-07-03 16:34:45,-9.0763,143.2092,78.33,89,67,6.22
744,Sume,BR,2022-07-03 16:34:46,-7.6717,-36.88,77.63,58,90,16.02
745,Aden,YE,2022-07-03 16:34:46,12.7794,45.0367,86.72,73,28,15.19
746,Babushkin,RU,2022-07-03 16:34:47,51.7122,105.8647,54.91,77,100,5.48
747,Poum,NC,2022-07-03 16:34:47,-20.2333,164.0167,76.73,81,5,20.85
748,Awash,ET,2022-07-03 16:34:48,8.9833,40.1667,82.17,47,85,13.94
749,Tiruchchendur,IN,2022-07-03 16:34:48,8.4833,78.1167,83.37,65,100,15.55
750,Portree,GB,2022-07-03 16:34:49,57.4129,-6.1942,53.53,91,100,16.87
751,Orlik,RU,2022-07-03 16:34:49,52.5178,99.825,50.63,83,100,3.98
752,Yerbogachen,RU,2022-07-03 16:34:49,61.2767,108.0108,56.48,87,8,9.37
753,Goderich,CA,2022-07-03 16:33:10,43.7501,-81.7165,65.91,72,23,8.05
754,Oxford,GB,2022-07-03 16:30:17,51.7522,-1.256,70.18,61,20,9.22
755,Svetlyy,RU,2022-07-03 16:34:50,54.675,20.1347,69.85,69,2,6.78
756,Khuzdar,PK,2022-07-03 16:34:51,27.7384,66.6434,80.37,64,83,3.76
757,Coatepec Harinas,MX,2022-07-03 16:34:51,18.8949,-99.7215,63.54,57,64,3.53
758,Tevriz,RU,2022-07-03 16:34:52,57.509,72.4042,56.28,97,91,2.46
759,Nantucket,US,2022-07-03 16:33:44,41.2835,-70.0995,77.11,88,20,6.91
760,Astana,KZ,2022-07-03 16:34:52,51.1801,71.446,71.55,33,0,13.42
761,Mathathane,BW,2022-07-03 16:34:53,-22.2687,28.7495,67.91,44,44,7.63
762,Nusaybin,TR,2022-07-03 16:34:53,37.0778,41.2178,92.26,11,0,18.25
763,Menongue,AO,2022-07-03 16:34:53,-14.6585,17.691,63.75,35,1,2.33
764,Savonlinna,FI,2022-07-03 16:34:54,61.8699,28.88,77.05,69,54,2.3
765,Acapulco,MX,2022-07-03 16:30:45,16.8634,-99.8901,84.02,74,75,3.44
766,Liwale,TZ,2022-07-03 16:34:55,-9.7667,37.9333,73.11,47,84,4.12
767,Muravlenko,RU,2022-07-03 16:34:55,63.7898,74.523,51.31,62,100,15.46
768,Yenagoa,NG,2022-07-03 16:34:55,4.9247,6.2642,78.49,84,58,7.38
769,Price,US,2022-07-03 16:34:56,39.5994,-110.8107,78.12,40,75,5.75
770,Sosnovka,RU,2022-07-03 16:34:56,56.255,51.2842,60.62,79,74,8.68
771,Vanderhoof,CA,2022-07-03 16:30:26,54.0166,-124.0198,65.86,46,3,4.41
772,Bereznik,RU,2022-07-03 16:34:57,62.8551,42.7072,70.29,54,4,2.15
773,Aktau,KZ,2022-07-03 16:34:57,43.65,51.2,66.78,57,2,16.62
